<?xml version="1.0" encoding="UTF-8"?><tprproject>
<date>24-05-19 11:32</date>
<uid>p16ae81c9314</uid>
<ver>1</ver>
<paths>
<reports>reports</reports>
<templates>templates</templates>
<schedules>schedules</schedules>
<stype1>tpr</stype1>
<stype2>src</stype2>
<sotype2>classes</sotype2>
</paths>
<tver>5.0.1-20190308.1</tver>
<lastmod>19-09-19 16:01</lastmod>
<editors>tpr\main.tpr;src\ana\SaveWebError.java;src\ana\GetHref.java;src\ana\GetContent.java;src\ana\CopyFile.java</editors>
</tprproject>
